{"6.6": 0.5792930181317203, "5.5": 0.4656112337826407, "6.1": 0.47536372210239874, "5.0": 0.4707406286912805, "6.2": 0.4864889913575803, "6.8": 0.47032669610826827, "6.3": 0.4710514616719037, "3.0": 0.45583771641685855, "6.4": 0.6655276668556435, "6.5": 0.5870240714958929, "2.0": 0.4432999635604383, "6.7": 0.5329551085063571, "1.0": 0.4414468521468249, "6.9": 0.4421811654721701, "4.0": 0.4501949646789378, "7.0": 0.43602022701106113, "6.0": 0.4937581479618547, "7.5": 0.31926575798862444}