{"6.6": 0.6024467269241554, "5.5": 0.4542072934370993, "6.1": 0.4700587328092024, "5.0": 0.4734937230152978, "6.2": 0.4704848417179539, "6.8": 0.5768009998083155, "6.3": 0.46114452703047826, "3.0": 0.44032897225635703, "6.4": 0.5953345300032831, "6.5": 0.5906903769278291, "2.0": 0.4385231872888756, "6.7": 0.6023869104012403, "1.0": 0.42895777724781814, "6.9": 0.5971590264721621, "4.0": 0.45680721601099716, "7.0": 0.5583631656935937, "6.0": 0.47085474757428836, "7.5": 0.6983222039828463}