{"6.6": 0.851141466299707, "5.5": 0.8225689487027686, "6.1": 0.8164759405335061, "5.0": 0.8294049491310522, "6.2": 0.8182197901471013, "6.8": 0.7979975373792138, "6.3": 0.8179070075261162, "3.0": 0.837269841938336, "6.4": 0.8717564523685453, "6.5": 0.8401545978919701, "2.0": 0.8476201630230137, "6.7": 0.8203541902297893, "1.0": 0.8444408487996649, "6.9": 0.7909357366621533, "4.0": 0.8382543534838021, "7.0": 0.7720603942918051, "6.0": 0.8215507169979515, "7.5": 0.6916773991135723}