{"1.5": 0.4075078566692465, "1.25": 0.41108070575878153, "1.0": 0.4138047462228829, "2.0": 0.4439099601819372, "1.75": 0.690044830086779}