{"1.25": 0.41596892608224223, "1.5": 0.40204207759340427, "1.75": 0.6276572787946999, "1.0": 0.41141912177778106, "2.0": 0.8622085605014851, "0.0": 0.40148298431978835}