{"1.25": 0.39425736549236234, "1.5": 0.39696908917762475, "1.75": 0.7284131246423777, "1.0": 0.3964171992013521, "2.0": 0.7635372227934134, "0.0": 0.3881183699894529}