{"1.5": 0.39495340002673296, "1.25": 0.393968226715414, "1.0": 0.39243240916205724, "2.0": 0.8662365517415959, "1.75": 0.7974777551441637}