{"1.25": 0.9211845943074329, "1.5": 0.9212316276589426, "1.75": 0.9169386659114173, "1.0": 0.9170099472843647, "2.0": 0.8152730871214524, "0.0": 0.9105145317112092}