{"5.4": 0.49351093531394474, "5.8": 0.47010422768497384, "2.0": 0.4743468238755526, "3.0": 0.4686443465965122, "4.0": 0.4657478134238713, "5.9": 0.8944848304475497, "5.6": 0.4968843580889766, "6.0": 0.8572576670667973, "5.0": 0.4946815864160886, "6.2": 0.8571313242428714, "1.0": 0.4556400868989853, "5.2": 0.47363628715238737}