{"5.4": 0.4884817810209323, "5.8": 0.4820293089866079, "2.0": 0.47328383185722145, "3.0": 0.45678172929664806, "4.0": 0.4743380583751169, "5.9": 0.8876374669148641, "5.6": 0.4750401166965472, "6.0": 0.9135439488126912, "5.0": 0.4765011913571713, "6.2": 0.8979442885693971, "1.0": 0.4468804440123283, "5.2": 0.4835277668090232}