{"5.4": 0.8071511679369766, "5.8": 0.7950555393998759, "2.0": 0.8174629589552269, "3.0": 0.8180381600082582, "4.0": 0.8173722577884254, "5.9": 0.5436401461665115, "5.6": 0.8069657872406079, "6.0": 0.47952724963749627, "5.0": 0.8136843412392335, "6.2": 0.40276056023003504, "1.0": 0.826304900145578, "5.2": 0.8080771414619743}