{"3.6": 0.6113117093485549, "4.8": 0.7208479680531263, "4.5": 0.9533319457080043, "5.0": 0.7159918324020211, "1.7": 0.6225723408836363, "2.7": 0.6103551372261726, "2.1": 0.6142484743559318, "2.2": 0.6227302693799914, "3.8": 0.6410807692643559, "3.0": 0.6290990760737607, "1.6": 0.6144113157134499, "4.1": 0.7798943786036128, "4.9": 0.6376585841052729, "3.9": 0.6457667175484182, "2.8": 0.6252463625477995, "2.4": 0.6368287511360065, "1.8": 0.6195815020107809, "4.3": 0.8222721011832765, "3.2": 0.608025485538421, "4.2": 0.8181011876550299, "4.7": 0.802682361644478, "4.4": 0.8942545365995584, "3.7": 0.6182318024574767, "1.0": 0.626040234049114, "3.3": 0.6192814448507891, "4.0": 0.7983180801020053, "1.9": 0.6354244188696718, "3.4": 0.6302976157257245, "2.3": 0.6219059161085012, "3.1": 0.6299910019294307, "2.0": 0.6150224136818296, "2.5": 0.6253549090198551, "2.9": 0.6040843182529743, "0.0": 0.5966843228781238, "2.6": 0.6129623104048836, "4.6": 0.8427958422934548, "1.5": 0.6106704879341073, "3.5": 0.6187623229505737}