{"3.6": 0.6326010945778873, "4.8": 0.5077316604169216, "4.5": 0.748964742812132, "5.0": 0.4765113106653728, "1.7": 0.6375131111370096, "2.7": 0.6429182001331548, "2.1": 0.6508886525248541, "2.2": 0.6436204063922699, "3.8": 0.6851343821449467, "3.0": 0.6287114551518791, "1.6": 0.6373656548651674, "4.1": 0.886722692012355, "4.9": 0.473453206105907, "3.9": 0.7048163549607747, "2.8": 0.6263610797358284, "2.4": 0.6531877620733427, "1.8": 0.6423540072899216, "4.3": 0.9566849590380377, "3.2": 0.6595543199673477, "4.2": 0.9474519010668023, "4.7": 0.5970287018345879, "4.4": 0.9065917155272196, "3.7": 0.6490411067883429, "1.0": 0.6296779791035685, "3.3": 0.663224663915852, "4.0": 0.9183711629089122, "1.9": 0.6489944028194627, "3.4": 0.6575487000103936, "2.3": 0.6371256309965071, "3.1": 0.6492383457804523, "2.0": 0.6591011458345137, "2.5": 0.6573992299508107, "2.9": 0.6331084650907952, "0.0": 0.5985304832925371, "2.6": 0.6537186057359574, "4.6": 0.6280973089226588, "1.5": 0.6354072539858389, "3.5": 0.6396912211429489}