{"3.6": 0.7706556507122437, "4.8": 0.950047747259213, "4.5": 0.8397141621734763, "5.0": 0.971048153942768, "1.7": 0.784111567931038, "2.7": 0.7773038989891448, "2.1": 0.7860554473198532, "2.2": 0.7840763075201931, "3.8": 0.7614254496512505, "3.0": 0.7737927402488145, "1.6": 0.7861272219639497, "4.1": 0.7546087023337669, "4.9": 0.980026849261417, "3.9": 0.6938347383858867, "2.8": 0.7815512131947626, "2.4": 0.7799366903146387, "1.8": 0.7879376152067645, "4.3": 0.7739698219987874, "3.2": 0.7756179342864794, "4.2": 0.7703548391522241, "4.7": 0.916383428315565, "4.4": 0.7980925427643657, "3.7": 0.7707484740342352, "1.0": 0.7844097259572077, "3.3": 0.7744067017805164, "4.0": 0.7483528126784214, "1.9": 0.7802299033345625, "3.4": 0.7726245285943396, "2.3": 0.779301785728671, "3.1": 0.774104015756981, "2.0": 0.785893450226893, "2.5": 0.7786265738864666, "2.9": 0.7726254424741912, "0.0": 0.7982061183906821, "2.6": 0.7779724697861432, "4.6": 0.8972298610019553, "1.5": 0.7835271915272142, "3.5": 0.7706602691529034}