{"4.2": 0.4145650172415739, "3.0": 0.3943840441730537, "2.0": 0.373480988485446, "4.4": 0.4186401834399356, "1.0": 0.40206976615719503, "4.0": 0.4105678193337372}