{"4.2": 0.404944957255726, "3.0": 0.3790709118730221, "2.0": 0.3759257766320794, "4.4": 0.3975081863237908, "1.0": 0.38272701499727046, "4.0": 0.39826415726463926}