{"4.2": 0.9113746544960372, "3.0": 0.903872845695462, "2.0": 0.8993919447673258, "4.4": 0.913890810726126, "1.0": 0.8991559520505942, "4.0": 0.9112238188139117}