{"1.5": 0.9231253497192522, "1.25": 0.9234123775273747, "1.0": 0.923980968249118, "2.0": 0.5955962206155109, "1.75": 0.913408242300987}