{"2.5": 0.3929579773258003, "1.5": 0.37797578353333106, "1.75": 0.39296455865018065, "0.0": 0.38938744156922134, "2.75": 0.396822963340695, "1.25": 0.3831677892635369, "4.0": 0.3882080193807307, "3.0": 0.39082746021164483, "2.25": 0.40504086636490455, "1.0": 0.37852171082368846, "2.0": 0.397107566996421}