{"1.75": 0.4166282853415326, "4.0": 0.44105280408578584, "1.0": 0.4091676693637172, "2.75": 0.4347532387307915, "3.0": 0.44552751696827664, "2.5": 0.43073063328571404, "1.5": 0.4036103521122306, "1.25": 0.4242469749707827, "2.0": 0.4194299398827567, "2.25": 0.40962798932711575}