{"2.5": 0.40350690466017625, "1.5": 0.39177954891641853, "1.75": 0.398784999760747, "0.0": 0.3921770106740836, "2.75": 0.4106762055100819, "1.25": 0.3942046902692238, "4.0": 0.42027186638454217, "3.0": 0.4129896853247659, "2.25": 0.40270601279467133, "1.0": 0.40169352096439104, "2.0": 0.41308911843507956}