{"1.75": 0.43091372634790026, "4.0": 0.456883512053851, "1.0": 0.4225263054501701, "2.75": 0.4418193840493765, "3.0": 0.45285148635190786, "2.5": 0.44893501975385486, "1.5": 0.42627383730859003, "1.25": 0.4354762472145395, "2.0": 0.4396277675849294, "2.25": 0.42468280282963256}