{"2.5": 0.7362152354873122, "1.5": 0.7303541416872508, "1.75": 0.7293892042526927, "0.0": 0.7226901337567118, "2.75": 0.7284209121415497, "1.25": 0.7316652512169238, "4.0": 0.7415919278880264, "3.0": 0.7414459860742055, "2.25": 0.7331582356778793, "1.0": 0.727845001858781, "2.0": 0.7309121965074343}