{"1.75": 0.7434327128944125, "4.0": 0.7567030433909523, "1.0": 0.7402789246700712, "2.75": 0.7448539606865214, "3.0": 0.747850977823661, "2.5": 0.7422278557570912, "1.5": 0.7390685251040034, "1.25": 0.7411909217168567, "2.0": 0.7454736596537125, "2.25": 0.7457669820529541}