{"2.8": 0.9719962957568644, "2.4": 0.46450854257172614, "2.5": 0.9556496683227564, "2.7": 0.946872245334599, "1.9": 0.46815820801007535, "1.7": 0.48069702926593927, "1.8": 0.46191494178452197, "1.0": 0.4501737392841758, "1.25": 0.4740664756229347, "2.6": 0.9409908793613764, "2.9": 0.7767835976658732, "1.6": 0.4696207682998328, "2.0": 0.45115991871063144, "2.2": 0.4767605770314658, "3.0": 0.7339998240767441, "2.3": 0.4789586827167396, "2.1": 0.4639137922348602, "1.5": 0.465403405496982}