{"2.8": 0.8583928544217918, "2.4": 0.4583966942550962, "2.5": 0.8529748462015568, "2.7": 0.8232688532307845, "1.9": 0.45216628652400703, "1.7": 0.4630518800620016, "1.8": 0.4484324598188838, "1.0": 0.4533571578423098, "1.25": 0.4535454713443977, "2.6": 0.8741434047588408, "2.9": 0.6797839559145751, "1.6": 0.46163487796037694, "2.0": 0.4507696318517116, "2.2": 0.46706880649657245, "3.0": 0.6679339248771231, "2.3": 0.4716478863826563, "2.1": 0.4656040424235359, "1.5": 0.45057106598984775}