{"1.0": 0.4600442102066984, "1.9": 0.4732053982238106, "3.0": 0.295245452679451, "2.2": 0.8217857712314862, "2.4": 0.5906129740925203, "2.0": 0.6969914512431894, "2.8": 0.3325397953894409, "1.8": 0.45605803932165334, "2.6": 0.36010742071644164, "1.6": 0.4525575025907156, "0.0": 0.46544664501641697, "1.5": 0.46385810621149504, "1.7": 0.46597599608222007}