{"1.5": 0.45298344881144004, "1.9": 0.44752019776996943, "2.4": 0.5891849764900553, "2.2": 0.7461769933446298, "1.7": 0.44807822695548105, "2.6": 0.6337007233249363, "1.0": 0.44837952208778553, "3.0": 0.6601619571964866, "2.8": 0.7095842438714945, "1.8": 0.45389284663944207, "2.0": 0.9174275742138225, "1.6": 0.46834048263528805}