{"1.0": 0.446125441202742, "1.9": 0.4611565396090015, "3.0": 0.7209882106373063, "2.2": 0.7379911938895032, "2.4": 0.6189410715483458, "2.0": 0.7592677133482798, "2.8": 0.6659228963236401, "1.8": 0.44358201162680255, "2.6": 0.6762457299379678, "1.6": 0.4488505636435569, "0.0": 0.453392737079501, "1.5": 0.4491001227838076, "1.7": 0.45911930321800276}