{"1.0": 0.8331765862547857, "1.9": 0.8296232747891256, "3.0": 0.6028798532553826, "2.2": 0.8415997532640418, "2.4": 0.7320901802105908, "2.0": 0.9282483291598038, "2.8": 0.6277437389169402, "1.8": 0.8288317512973253, "2.6": 0.6718644863058252, "1.6": 0.8308885484773437, "0.0": 0.8395721327589188, "1.5": 0.8317848184662893, "1.7": 0.8256550627296158}