{"1.5": 0.829780503489582, "1.9": 0.8346444550974752, "2.4": 0.7307710347175418, "2.2": 0.8641769509597627, "1.7": 0.8340753846484485, "2.6": 0.6666257897221939, "1.0": 0.8389535491968545, "3.0": 0.5935182062049134, "2.8": 0.6255867079162121, "1.8": 0.8297344043978034, "2.0": 0.9472142967676744, "1.6": 0.8303281900532039}