{"0.0": 0.4671083371746252, "3.0": 0.7448234388020194, "1.6": 0.48809572532679857, "2.5": 0.8996426237674815, "1.5": 0.46137615462801307, "1.25": 0.47587893065959586, "1.0": 0.4565709424274531, "1.9": 0.46969214259162806, "2.6": 0.9024449153392372, "1.7": 0.4628912505879399, "1.8": 0.4698922368623737, "2.1": 0.48102943383877794, "2.9": 0.7084813707489512, "2.8": 0.9143933047890946, "2.3": 0.4713741779661751, "2.0": 0.47150146301748486, "2.7": 0.893530676564724, "2.2": 0.4733265481810075, "2.4": 0.48134222071470534}