{"0.0": 0.4576221185320809, "3.0": 0.6616618218579354, "1.6": 0.46889254935659497, "2.5": 0.9545960387610607, "1.5": 0.4491886358969912, "1.25": 0.4692108531686212, "1.0": 0.4479449269904242, "1.9": 0.45552204251622386, "2.6": 0.9195930903858445, "1.7": 0.4562347043435576, "1.8": 0.4521316924170933, "2.1": 0.4617642852122743, "2.9": 0.6379962465972985, "2.8": 0.7902999495118723, "2.3": 0.4630183971097882, "2.0": 0.4605178932807503, "2.7": 0.7541110836482303, "2.2": 0.45546398875126415, "2.4": 0.44231034756765686}