{"2.8": 0.9521996477302241, "2.4": 0.8262771588261093, "2.5": 0.9441250459515709, "2.7": 0.9611687734222054, "1.9": 0.8322720502710308, "1.7": 0.8301792390364351, "1.8": 0.8327338929049993, "1.0": 0.8313766447971618, "1.25": 0.8330860611567701, "2.6": 0.9417426635083563, "2.9": 0.927615030711506, "1.6": 0.8372342167129626, "2.0": 0.8313514104722262, "2.2": 0.8246203828602302, "3.0": 0.9138932453613028, "2.3": 0.8286808245747662, "2.1": 0.830336728834614, "1.5": 0.8295992810895676}