{"0.0": 0.8434577707459865, "3.0": 0.8994528977302488, "1.6": 0.825792922402522, "2.5": 0.929816017850093, "1.5": 0.8260870915224252, "1.25": 0.8277155992504908, "1.0": 0.8240311608038262, "1.9": 0.8311644347738624, "2.6": 0.9345069867384352, "1.7": 0.8260625893759121, "1.8": 0.8234401645842182, "2.1": 0.8224132459699665, "2.9": 0.8979194970862827, "2.8": 0.9617939165296099, "2.3": 0.8235593086617155, "2.0": 0.8296762503841956, "2.7": 0.9610881631746563, "2.2": 0.8306185063356059, "2.4": 0.8256450516561427}