{"4.0": 0.9085163136207007, "2.25": 0.4787031192245569, "3.0": 0.4806504317443947, "1.0": 0.5046955827466737, "2.0": 0.48644533793764766, "0.0": 0.48581640620432465, "1.25": 0.4755210304079507, "2.75": 0.48373073302206504, "1.5": 0.5116715074953286, "2.5": 0.4964946444263104, "1.75": 0.4962750943198647}