{"1.5": 0.4966011191923605, "1.75": 0.494239704155925, "1.25": 0.4978961876269328, "2.0": 0.49469711427718477, "2.75": 0.5141217506098631, "3.0": 0.5121550943795777, "2.5": 0.48458940423112973, "4.0": 0.8945872693822883, "1.0": 0.4843436861331355, "2.25": 0.501119286161553}