{"4.0": 0.8004475074641559, "2.25": 0.49198199707335344, "3.0": 0.4932164475057399, "1.0": 0.49002448109334285, "2.0": 0.4753698839614422, "0.0": 0.4750196662205899, "1.25": 0.4744913591325982, "2.75": 0.47412030336964794, "1.5": 0.5032603158218597, "2.5": 0.4920634177608747, "1.75": 0.47557295885768136}