{"1.5": 0.8091180964076652, "1.75": 0.8061433650891463, "1.25": 0.8123031958712122, "2.0": 0.8078984614383188, "2.75": 0.7963266319271846, "3.0": 0.8028999152399647, "2.5": 0.8074979785223004, "4.0": 0.4537436703225466, "1.0": 0.8090531763154383, "2.25": 0.8061469995199295}