{"4.0": 0.4480325135411256, "2.25": 0.8055174719471396, "3.0": 0.7966513331031215, "1.0": 0.8103973625921725, "2.0": 0.808444995280567, "0.0": 0.8256644300948497, "1.25": 0.8083090931701938, "2.75": 0.8042658791170076, "1.5": 0.8131583316825859, "2.5": 0.8009679065757931, "1.75": 0.8083062002928105}