{"1.5": 0.4672921325208038, "1.9": 0.45356111578636693, "2.4": 0.5656335393042963, "2.2": 0.8401412494639346, "1.7": 0.46058307960153344, "2.6": 0.3322884626377528, "1.0": 0.4621087133421248, "3.0": 0.3356437972777577, "2.8": 0.28366314250273805, "1.8": 0.46019385893611187, "2.0": 0.8332955542166198, "1.6": 0.4788028593907824}