{"1.5": 0.48860124509420544, "1.75": 0.48294086489556887, "1.25": 0.4912637948799502, "2.0": 0.4959179666223439, "2.75": 0.4853281228419659, "3.0": 0.5054499221296341, "2.5": 0.49922784412490184, "4.0": 0.755468086558721, "1.0": 0.48161098976808425, "2.25": 0.5032755673644842}