{"5.0": 0.6286206597696831, "4.0": 0.4745060243649595, "4.7": 0.58330360848564, "1.0": 0.4725598928749931, "4.8": 0.6517452969568722, "4.4": 0.4913392819208813, "2.0": 0.48006920244480145, "3.0": 0.48089699436443323, "4.2": 0.47691375963135507, "4.6": 0.47404677662842865, "6.0": 0.6125203090951303}