{"5.0": 0.5516435108315049, "4.0": 0.4751153793012315, "4.7": 0.5610435018923194, "1.0": 0.4592386058759269, "4.8": 0.5042755384980344, "4.4": 0.46088362612364897, "2.0": 0.4608334921455991, "3.0": 0.4816392193696515, "4.2": 0.4725078755291654, "4.6": 0.47284677457020785, "6.0": 0.5945822080266369}