{"5.0": 0.07730792833954259, "4.0": 0.8221036884350117, "4.7": 0.05742083901103545, "1.0": 0.8297085784394109, "4.8": 0.06101475345539531, "4.4": 0.8203431791966583, "2.0": 0.8291584786541033, "3.0": 0.8313575706065668, "4.2": 0.8191011454770873, "4.6": 0.8127337937093236, "6.0": 0.07179560941977547}