{"5.0": 0.37480808715260316, "1.0": 0.37676466115008855, "7.5": 0.3392572671010833, "6.6": 0.38892746140917056, "3.0": 0.3815007262592771, "6.8": 0.3811875741665973, "7.1": 0.37415089159025783, "2.0": 0.37512701166236884, "7.0": 0.43408475916694456, "6.0": 0.37482246306194966, "6.9": 0.3869590739934812, "7.2": 0.35076480845399693, "4.0": 0.37565454859684777, "7.3": 0.33638729971961356, "6.7": 0.3822391352822202, "6.4": 0.3809027895004048}