{"5.0": 0.39461799272374765, "1.0": 0.37210481091720315, "7.5": 0.9188883868401531, "6.6": 0.3876765392601005, "3.0": 0.3934169600788364, "6.8": 0.4086518131211305, "7.1": 0.7720836898382941, "2.0": 0.38212427252096104, "7.0": 0.7435307374216266, "6.0": 0.3927049284652737, "6.9": 0.4154205096117878, "7.2": 0.7992299594259699, "4.0": 0.37288114074600487, "7.3": 0.8658091937408979, "6.7": 0.40001234814649644, "6.4": 0.3928170571602019}