{"5.0": 0.708060085824603, "1.0": 0.6941895407586155, "7.5": 0.632019036925511, "6.6": 0.7105909426759436, "3.0": 0.6958088778323412, "6.8": 0.7125235708153875, "7.1": 0.6963343326152289, "2.0": 0.6903859060402685, "7.0": 0.71921419673101, "6.0": 0.7088003973730715, "6.9": 0.7073195233626692, "7.2": 0.6841794865907724, "4.0": 0.7032523933678447, "7.3": 0.6573032552148262, "6.7": 0.7099429641409452, "6.4": 0.7194365241238647}