layer,ratio
II/III,0.779990194969265
IV,0.7999926991311966
V,0.819949281487743
VI,0.8300178746468315
